PDB_ID,Molecular_weight,Entry Polymer Composition,Resolution,Olig_State,Oligomeric State,CCS_PARCS,PARCS-Complex,Collidoscope_CCS_native_pdb_structure,Collidoscope_CCS_10ns_vacuum_simulated_structure,10ns_RMSD
1ADO,157.55,homomeric protein,1.9,4,Homo 4-mer,6957.89,7904.896537725772,8967.91,7564.71,5.361717224121094
1AVA,130.11,heteromeric protein,1.9,2,Hetero 2-mer,3444.57,3806.222670761409,4333.54,3811.07,4.634613037109375
1B16,57.14,homomeric protein,1.4,2,Homo 2-mer,3087.29,3396.708857493199,3874.25,3546.31,3.8523778915405273
1CCW,139.92,heteromeric protein,1.6,4,Hetero 4-mer,5961.68,6731.887311760147,7731.11,6650.55,4.580203533172607
1D4A,126.25,homomeric protein,1.7,2,Homo 2-mer,3365.83,3715.8203906774015,4274.1,3632.24,4.072571754455566
1D7F,150.57,homomeric protein,1.9,2,Homo 2-mer,6270.9,7095.212489079347,8052.17,6917.04,7.732267857
1DM5,210.59,homomeric protein,1.93,6,Homo 6-mer,8227.07,9408.876543914985,10841,9060.01,6.5497660636901855
1DUV,111.45,homomeric protein,1.7,3,Homo 3-mer,4991.71,5597.211374078005,6400.81,5785.91,4.8782501220703125
1F5Z,130.25,homomeric protein,1.88,4,Homo 4-mer,5448.36,6130.411269135295,7018.28,6213.46,4.566842079162598
1FBA,155.96,homomeric protein,1.9,4,Homo 4-mer,6579.56,7458.586325679366,8562.84,7349.28,5.230287551879883
1FNU,105.13,homomeric protein,1.94,4,Homo 4-mer,5160.45,5794.022421462956,6608.18,5484.6,6.266122817993164
1FTR,126.75,homomeric protein,1.7,4,Homo 4-mer,5232.3,5877.902836,6894.4,6308.81,4.563137531280518
1GCO,115.11,homomeric protein,1.7,4,Homo 4-mer,4864.47,5448.977353796356,6239.91,5619.34,4.113707542419434
1GD1,147.39,homomeric protein,1.8,4,Homo 4-mer,5990.61,6765.848314006966,7780.87,6864.25,6.216337203979492
1GEE,115.05,homomeric protein,1.6,4,Homo 4-mer,4869.05,5454.310400184994,6241.95,5462.08,3.7829489707946777
1GQI,162.14,homomeric protein,1.48,2,Homo 2-mer,6607.24,7491.206338102674,8587.35,7432.17,5.562299728393555
1H0H,274.27,heteromeric protein,1.8,2,Hetero 2-mer,5471.13,6157.045795356319,7109.13,6164.94,4.042105197906494
1H2R,89.24,heteromeric protein,1.4,2,Hetero 2-mer,3957.46,4397.000547428393,5036.36,4473.93,4.230417251586914
1HET,81.65,homomeric protein,1.15,2,Homo 2-mer,4275.77,4765.201407306466,5387.54,4709.63,5.078738212585449
1HG0,140.96,homomeric protein,1.9,4,Homo 4-mer,5460.97,6145.1608973455695,7040.57,6234.94,3.5777199268341064
1HRD,147.65,homomeric protein,1.96,6,Homo 6-mer,10241.6,11814.551504774165,13336,11267.2,7.231476783752441
1J31,120.93,homomeric protein,1.6,2,Homo 2-mer,3179.1,3501.770889179637,4019.11,3805.9,3.439640760421753
1JET,61.39,heteromeric protein,1.2,2,Hetero 2-mer,3159.9,3479.7894964183743,3992.79,3563.22,4.124981403
1JUB,69.91,homomeric protein,1.4,2,Homo 2-mer,3511.65,3883.302460107696,4465.85,4009.63,3.994382619857788
1K3T,156.76,homomeric protein,1.95,4,Homo 4-mer,6530.01,7400.206752193399,8430.57,7346.15,6.784928798675537
1K3Y,52.14,homomeric protein,1.3,2,Homo 2-mer,2962.13,3253.6824074570823,3736.58,3107.37,4.748331546783447
1KEK,270.67,homomeric protein,1.9,2,Homo 2-mer,9002.26,10332.10066619823,11811.8,10027.8,5.242047786712647
1KQP,63.7,homomeric protein,1.03,2,Homo 2-mer,3249.08,3581.9326487702283,4198.95,3593.38,4.254878044128418
1KXQ,274.22,heteromeric protein,1.6,2,Hetero 2-mer,3551.58,3929.212619,4474.38,4010.35,5.155568599700928
1L6W,231.09,homomeric protein,1.93,10,Homo 10-mer,8656.24,9919.598047668977,11392.4,10130,5.620465278625488
1M3K,162.61,homomeric protein,1.7,4,Homo 4-mer,6877.08,7809.483859494705,8880.65,7713.75,5.824041366577148
1M5S,126.78,homomeric protein,1.85,4,Homo 4-mer,5303.81,5961.431506646222,6872.9,6202.94,4.352447032928467
1MG0,163.17,homomeric protein,1.8,2,Homo 2-mer,4233.35,4716.068262460951,5368.54,4673.58,5.236088752746582
1MGO,81.66,homomeric protein,1.2,2,Homo 2-mer,4265.07,4752.806263738965,5400.03,4654.84,6.018251419067383
1N8K,81.55,homomeric protein,1.13,2,Homo 2-mer,4235.57,4718.639106407747,5367.77,4660.35,5.541667461395264
1N92,81.8,homomeric protein,1.47,2,Homo 2-mer,4238.58,4722.124885217538,5375.41,4647.1,4.6899786
1NEY,53.64,homomeric protein,1.2,2,Homo 2-mer,3109.15,3421.713115774504,3976.7,3406.27,3.9622550010681152
1O9I,180.6,homomeric protein,1.33,6,Homo 6-mer,5844.2,6594.044431056484,7637.14,6925.61,4.601075649261475
1P1R,163.29,homomeric protein,1.57,2,Homo 2-mer,4237.69,4721.094196250071,5355.31,4620.04,5.646984100341797
1PBY,100.11,heteromeric protein,1.7,3,Hetero 3-mer,4824.31,5402.222735216818,6238.34,5269.82,6.756626605987549
1PU0,159.85,homomeric protein,1.7,2,Homo 2-mer,2259.35,2455.3259350402764,2798.4,2369.51,4.194026947021484
1QDB,170.39,homomeric protein,1.9,2,Homo 2-mer,5269.66,5921.536338,6733.06,5849.39,5.376747608184815
1QH1,228.29,heteromeric protein,1.6,4,Hetero 4-mer,7961,9092.772206559162,10468.9,9140.79,4.632417202
1QH4,171.59,homomeric protein,1.41,2,Homo 2-mer,4479.31,5001.217175925276,5701.91,4789.8,7.933220386505127
1QL0,52.64,homomeric protein,1.1,2,Homo 2-mer,3144.33,3461.967832184976,3926.47,3563.67,3.6046783924102783
1R7A,112.81,homomeric protein,1.77,2,Homo 2-mer,5097.31,5720.348437890465,6614.95,5790.3,5.033581256866455
1SBY,57.17,homomeric protein,1.1,2,Homo 2-mer,3084.37,3393.3693842159864,3870.76,3394.96,4.163143157958984
1U3W,81.39,homomeric protein,1.45,2,Homo 2-mer,4215.31,4695.179237,5276.96,4644.63,5.183501720428467
1UFO,157.54,homomeric protein,1.6,2,Homo 2-mer,3142.65,3460.0450860582705,3936.82,3447.02,4.489078521728516
1UM0,162.45,homomeric protein,1.95,4,Homo 4-mer,6275.24,7100.316992888877,8228.59,7030.92,3.971502780914306
1UXL,160.21,homomeric protein,1.6,2,Homo 2-mer,2285.82,2485.234942907155,2829.49,2433.16,4.913127899169922
1W0D,141.84,homomeric protein,1.65,2,Homo 2-mer,3707.62,4108.815648493861,4704.92,4170.04,5.442735195159912
1WQW,53.35,homomeric protein,1.45,2,Homo 2-mer,3302.28,3642.918719524133,4133.68,3586.5,6.325358867645264
1WUH,89.52,heteromeric protein,1.24,2,Hetero 2-mer,3907.35,4339.140647759226,4982.22,4516.74,3.885544061660767
1WWS,136.43,homomeric protein,1.9,2,Homo 2-mer,2260.77,2456.930072973355,2833.94,2571.55,3.893219232559204
1WXX,173.93,homomeric protein,1.8,2,Homo 2-mer,4432.9,4947.364245921165,5634.42,4895.92,5.483946800231934
1X54,50.83,homomeric protein,1.45,2,Homo 2-mer,4832.12,5411.314004617312,6178.65,5572.27,4.485713005065918
1XS1,130.61,homomeric protein,1.8,3,Homo 3-mer,3216.43,3544.5236517445583,4090.21,3552.55,3.6256282329559326
1ZAH,157.05,homomeric protein,1.8,4,Homo 4-mer,6775.99,7690.188896442647,8748.02,7661.47,4.646473407745361
1ZOS,149.98,homomeric protein,1.6,2,Homo 2-mer,2829.85,3102.7790829349483,3534.8,3309.31,4.338891983032227
2BBK,106.28,heteromeric protein,1.75,4,Hetero 4-mer,4744.23,5309.038909526104,6137.61,5363.08,5.482269763946533
2BUH,170.7,homomeric protein,1.9,2,Homo 2-mer,3915.78,4348.872372457259,5051.89,4474.44,3.585324764251709
2C1D,182.66,heteromeric protein,1.92,2,Hetero 2-mer,2848.31,3123.8215811345544,3564.98,3040.6,5.245272636413574
2C3M,270.57,homomeric protein,1.84,2,Homo 2-mer,9007.21,10338.006338275558,11845.8,9950.03,5.096421241760254
2C42,270.67,homomeric protein,1.78,2,Homo 2-mer,9013.44,10345.439315816831,11878.7,10041.7,5.184001922607422
2CFC,108.11,homomeric protein,1.8,4,Homo 4-mer,4744.04,5308.8178924812055,6119.16,5261.48,4.607870578765869
2CVD,96.46,homomeric protein,1.45,2,Homo 2-mer,2755.28,3017.832495774206,3470.51,2960.24,4.805016994476318
2D0I,152.45,homomeric protein,1.95,2,Homo 2-mer,4048.47,4502.159725980866,5092.4,4465.2,4.910893917
2DN2,64.55,heteromeric protein,1.25,4,Hetero 4-mer,3324.89,3668.849588704462,4201.34,3608.46,5.807209014892578
2EGV,54.25,homomeric protein,1.45,2,Homo 2-mer,3290.43,3629.3310347334577,4069,3406.61,6.180419445037842
2H8F,66.14,heteromeric protein,1.3,4,Hetero 4-mer,3355.87,3704.391112,4264.02,3634.07,5.137523174285889
2I7S,58.13,homomeric protein,1.35,2,Homo 2-mer,2120.29,2298.430147,2577.91,2239.08,4.721908092498779
2JHF,81.64,homomeric protein,1,2,Homo 2-mer,4299.39,4792.567730175132,5429.92,4647.04,4.703027248382568
2NXV,57.89,homomeric protein,1.1,2,Homo 2-mer,3248.59,3581.371117255821,4064.95,3525.61,5.415512561798096
2NYB,84.91,homomeric protein,1.1,2,Homo 2-mer,2717.46,2974.784295849948,3411.64,2966.92,4.983987808227539
2OB3,72.45,homomeric protein,1.04,2,Homo 2-mer,3684.41,4082.081576148412,4694.94,4141.49,4.332132339477539
2OLB,61.8,heteromeric protein,1.4,2,Hetero 2-mer,3168.08,3489.1538425365184,3995.17,3567.6,3.426873207092285
2ON5,196.52,homomeric protein,1.9,2,Homo 2-mer,2831.71,3104.899046303965,3520.8,2999.31,4.051517486572266
2P4K,88.96,homomeric protein,1.48,4,Homo 4-mer,4337.95,4837.256404411506,5575.6,4744.12,5.057291507720947
2Q0L,70.21,homomeric protein,1.45,2,Homo 2-mer,3770.18,4180.907209178608,4821.62,4056.82,4.9755635261535645
2QUL,130.85,homomeric protein,1.79,2,Homo 2-mer,3392.23,3746.121316,4296.82,3738.86,5.759304523468018
2R2N,191.98,homomeric protein,1.95,2,Homo 2-mer,4461.92,4981.035688306479,5662.01,5034.29,6.021482467651367
2R80,65.27,heteromeric protein,1.44,4,Hetero 4-mer,3319.21,3662.334675416402,4216.17,3733.3,4.959509372711182
2V8T,67.64,homomeric protein,0.98,6,Homo 6-mer,6602.57,7485.702510369922,8673.01,7611.82,3.886443853378296
2V9M,61.44,homomeric protein,1.3,4,Homo 4-mer,5328.33,5990.082850205489,6918.1,5988.11,5.579411983
2VLF,104.32,homomeric protein,1.89,4,Homo 4-mer,7542.86,8596.849185,10063.9,8735.69,4.671620845794678
2W72,67.75,heteromeric protein,1.07,4,Hetero 4-mer,3300.93,3641.370658,4202.57,3614.3,4.908233165740967
2WSB,108.82,homomeric protein,1.25,4,Homo 4-mer,4551.09,5084.552110050204,5851.44,5250.18,4.089055538
2WW2,252.9,homomeric protein,1.9,3,Homo 3-mer,8915.19,10228.24152,11809.8,10073,5.921188354492188
2WYA,208.98,homomeric protein,1.7,2,Homo 2-mer,4675.78,5229.437339873614,5996.21,5215.15,4.175964355
2WYT,32.72,homomeric protein,1,2,Homo 2-mer,2273.29,2471.0753184601745,2828.3,2343.39,4.873211860656738
2XI8,15.73,homomeric protein,1.21,2,Homo 2-mer,1418.26,1513.1937652864774,1693.56,1428.45,4.159528255462647
2Y5F,32.89,heteromeric protein,1.29,2,Hetero 2-mer,2210.48,2400.143168254543,2764.79,2317.24,4.041041374206543
2YEO,8.1,homomeric protein,1.08,3,Homo 3-mer,1841,1984.5733770836632,2240.75,1877.06,4.655297756195068
2YKZ,14.47,homomeric protein,0.84,2,Homo 2-mer,2134.79,2314.7713829083104,2624.97,2198.56,5.616971492767334
2YL0,14.24,homomeric protein,0.95,2,Homo 2-mer,2133.73,2313.576633322548,2619.58,2183.28,6.134362697601318
2YQU,100.1,homomeric protein,1.7,2,Homo 2-mer,4793.34,5366.1776837587295,6135.83,5443.34,4.583138465881348
3A5F,63.43,homomeric protein,1.19,4,Homo 4-mer,5323.71,5984.684033413978,6822.42,5984.41,4.896222114562988
3A6Q,27.23,homomeric protein,1.4,2,Homo 2-mer,1896.95,2047.3060605263893,2316.55,1957.92,4.860647678375244
3A6R,54.54,homomeric protein,1.2,2,Homo 2-mer,1887.97,2037.2324559365395,2299.95,2029.55,3.5557730197906494
3AI2,232.78,homomeric protein,1.9,4,Homo 4-mer,5079.03,5699.0253953548345,6488.03,5612.5,5.26236105
3AI3,117.91,homomeric protein,1.8,4,Homo 4-mer,5084.1,5704.939086913618,6532.41,5565.38,5.239193439483643
3BHL,63.01,homomeric protein,1.4,2,Homo 2-mer,3185.77,3509.408362243462,4057.72,3503.91,4.825090408325195
3BOM,66.49,heteromeric protein,1.35,4,Hetero 4-mer,3286.07,3624.332170010368,4139.29,3721.67,5.351019859313965
3BTO,163.23,homomeric protein,1.66,2,Homo 2-mer,4240.56,4724.417909308559,5350.38,4648.45,5.254072189331055
3D9A,60.57,heteromeric protein,1.2,3,Hetero 3-mer,3715.68,4118.100980772006,4654.92,3926.7,5.834218978881836
3DAQ,129.51,homomeric protein,1.45,2,Homo 2-mer,3448.86,3811.150430028656,4400.7,3930.73,5.2722249031066895
3E8M,75.53,homomeric protein,1.1,4,Homo 4-mer,3820.51,4238.939765083119,4988,4270.52,4.200162410736084
3EO8,155.07,homomeric protein,1.74,2,Homo 2-mer,2938.37,3226.5573389522624,3677.42,3174.36,5.122797489
3F6B,56.63,homomeric protein,1.34,4,Homo 4-mer,7819.43,8924.749164287774,10359.1,9104.46,3.600703001022339
3G5W,218.81,homomeric protein,1.9,3,Homo 3-mer,4551.04,5084.494043,5872.79,5285.9,3.2888216972351074
3HEA,183.95,homomeric protein,1.9,3,Homo 3-mer,4277.67,4767.402542,5457.61,4766.85,4.409727096557617
3I67,13.74,homomeric protein,1.3,2,Homo 2-mer,2015.65,2180.635434770228,2468.55,2140.01,5.238688945770264
3IA2,183.57,homomeric protein,1.65,3,Homo 3-mer,4304.3,4798.257242432901,5491.11,4896.12,3.473433017730713
3IDS,157.84,homomeric protein,1.8,4,Homo 4-mer,6583.87,7463.66517,8454.58,7481.91,6.822008133
3IJJ,38.66,homomeric protein,1.25,3,Homo 3-mer,2232.21,2424.674247631913,2797.1,2439.02,3.8725697994232178
3KF3,118.59,homomeric protein,1.9,2,Homo 2-mer,5111.28,5736.646038233867,6595.03,5771.09,3.595464944839477
3KSE,105.69,heteromeric protein,1.71,2,Hetero 2-mer,2367.52,2577.635118166701,2913.39,2541.12,5.145601272583008
3L84,70.39,homomeric protein,1.36,2,Homo 2-mer,5830.79,6578.316984397144,7635.3,6742.28,3.5625760555267334
3L8W,33.89,homomeric protein,1,4,Homo 4-mer,5600.59,6308.560456,7347.92,6321.11,4.331687450408936
3LAS,36.88,homomeric protein,1.4,2,Homo 2-mer,2334.92,2540.750177485414,2924.13,2617.41,4.254703521728516
3LQF,108.82,homomeric protein,1.8,4,Homo 4-mer,4572.49,5109.407104,5933.9,5409.2,4.262263298034668
3LZ6,119.23,homomeric protein,1.84,4,Homo 4-mer,5526.83,6222.217623295742,7090.38,6068.04,7.954195022583008
3M7U,20.64,heteromeric protein,1.05,2,Hetero 2-mer,1489.97,1592.8037091625322,1815.78,1675.04,3.204105854034424
3MJO,68.83,homomeric protein,1.36,2,Homo 2-mer,3594.82,3978.951493,4585.41,4135.62,4.777765751
3MMH,37.51,homomeric protein,1.25,2,Homo 2-mer,2315.04,2518.267115828934,2866.2,2589.1,4.395757198
3NSX,155.18,homomeric protein,1.569,2,Homo 2-mer,6093.92,6887.176854556205,7960.21,6904.02,4.081521511077881
3NTD,125.66,homomeric protein,1.99,2,Homo 2-mer,5917.17,6679.649627034594,7668.7,6679.35,5.398238182067871
3OQ6,82.11,homomeric protein,1.2,2,Homo 2-mer,4209.41,4688.348225803292,5334.93,4641.91,4.905138969421387
3PSM,11.02,homomeric protein,0.98,2,Homo 2-mer,1152.95,1220.1038122759655,1336.63,1157.77,7.017388343811035
3PTL,29.95,heteromeric protein,1.3,2,Hetero 2-mer,1889.07,2038.4663148875493,2300.94,2141.76,2.7854480743408203
3Q46,21.29,homomeric protein,0.99,6,Homo 6-mer,5079.38,5699.433630872686,6598.41,6154.78,3.668535232543945
3QGJ,41.87,heteromeric protein,1.3,2,Hetero 2-mer,1487.65,1590.2257163866716,1782.27,1673.86,2.701293468475342
3RGP,230.1,homomeric protein,1.88,4,Homo 4-mer,7591.29,8654.233739766982,10098.8,8830.77,4.622638702392578
3ROF,18.99,heteromeric protein,1.03,2,Hetero 2-mer,1514.39,1619.9488773948117,1875,1579.09,4.356754302978516
3RRS,183.06,homomeric protein,1.7,2,Homo 2-mer,6921.89,7862.385762887879,9213.82,7938.05,6.083634853363037
3RSY,183.81,homomeric protein,1.81,2,Homo 2-mer,6960.75,7908.274155699185,9242.91,8132.48,4.812164783477783
3RWB,105.48,homomeric protein,1.699,4,Homo 4-mer,4461.24,4980.246595985165,5741.57,5222.27,3.719283342
3SFW,101.78,homomeric protein,1.73,4,Homo 4-mer,7419.03,8450.189783612703,9718.48,8787.79,4.136374473571777
3T8I,139.19,homomeric protein,1.8,4,Homo 4-mer,6084.87,6876.545155842187,7833.11,6927.91,5.260192394256592
3T94,183.91,homomeric protein,1.452,6,Homo 6-mer,6644.48,7535.101022912963,8807.41,7519.55,3.690455198287964
3TEM,53.79,homomeric protein,1.45,2,Homo 2-mer,2941.76,3230.4269278860934,3766.3,3207.75,3.381631851196289
3UVW,16.38,heteromeric protein,1.37,2,Hetero 2-mer,1462.09,1561.833911712838,1751.58,1501.29,4.900126457214356
3VM9,35.23,homomeric protein,1.05,2,Homo 2-mer,2481.47,2706.7186449033534,3085.03,2704.24,6.431624412536621
3W1A,70.11,homomeric protein,1.42,2,Homo 2-mer,3476.08,3842.422634420379,4445,3992.35,3.411489963531494
3W23,71.27,homomeric protein,1.48,2,Homo 2-mer,3503.51,3873.945886,4457.42,3957.34,3.9891164302825928
3W75,71.23,homomeric protein,1.47,2,Homo 2-mer,3487.06,3855.039954147977,4437.99,3930.42,4.256868839263916
3W87,74.99,homomeric protein,1.43,2,Homo 2-mer,3514.55,3886.636090215836,4497.82,3960.54,4.462865829467773
3WA2,72.35,homomeric protein,1.08,2,Homo 2-mer,5574.85,6278.424297087891,7297.44,6544.43,4.495546340942383
3WA3,142.79,homomeric protein,1.55,2,Homo 2-mer,5585.56,6290.962801857731,7248.49,6395.74,4.561975479125977
3X3X,138.91,homomeric protein,1.57,2,Homo 2-mer,5583.08,6288.059310044109,7227.16,6421.19,4.491869926452637
3X40,138.96,homomeric protein,1.85,2,Homo 2-mer,5565.24,6267.174403652127,7231.6,6446.06,3.957131385803223
3ZIW,192.83,homomeric protein,1.9,3,Homo 3-mer,5370.21,6039.031189219396,6824.19,5579.64,6.963734149932861
3ZQV,14.47,homomeric protein,0.84,2,Homo 2-mer,2123.65,2302.216413965479,2635.2,2196.67,5.772533893585205
3ZTM,14.22,homomeric protein,0.9,2,Homo 2-mer,2117.77,2295.5906021045344,2580.15,2210,5.304331302642822
4A7G,33.1,heteromeric protein,1.24,2,Homo 2-mer,2275.1,2473.120533041922,2809.06,2393.1,5.159751892089844
4B2B,64.45,heteromeric protein,1.36,2,Hetero 2-mer,2114.9,2292.356838618321,2590.3,2312.53,3.739957571029663
4CDA,14.44,homomeric protein,1.3,2,Homo 2-mer,2148.96,2330.744950883089,2617.92,2164.45,5.227840900421143
4CW2,34.53,homomeric protein,1.32,4,Homo 4-mer,5947.74,6715.525431169152,7673.56,6434.92,4.380042076
4CW4,69.57,homomeric protein,1.349,2,Homo 2-mer,5837.82,6586.561694598154,7678.6,6631.83,3.9166414737701416
4CX9,29.48,homomeric protein,1.43,2,Homo 2-mer,2116.44,2294.092007247998,2585.64,2223.86,6.016472339630127
4DG4,125.79,heteromeric protein,1.4,2,Hetero 2-mer,2116.57,2294.2384848048173,2587.76,2255.03,4.965705394744873
4DWU,32.87,homomeric protein,1.44,2,Homo 2-mer,2369.21,2579.547800939365,2870.73,2478.13,7.377272129058838
4DWV,82.16,homomeric protein,1.14,2,Homo 2-mer,4210.68,4689.818597988467,5332.28,4698.44,5.478707313537598
4DXH,81.97,homomeric protein,1.12,2,Homo 2-mer,4216.01,4695.989721023472,5345.75,4695.52,5.149755477905273
4E34,21.27,heteromeric protein,1.395,2,Hetero 2-mer,1060.59,1118.6690924929762,1235.55,1076.7,4.202368736
4EP4,35.68,homomeric protein,1.28,2,Homo 2-mer,2554.95,2790.0823633888144,3122.24,2650.29,4.783761978149414
4EQR,101.8,homomeric protein,1.8,2,Homo 2-mer,4915.48,5508.385603473542,6383.27,5375.61,5.0717549324035645
4FN4,110.9,homomeric protein,1.75,4,Homo 4-mer,4751.29,5317.251685334109,6140.21,5381.55,4.060105800628662
4G41,50.7,homomeric protein,1.45,2,Homo 2-mer,2954.36,3244.8110131037874,3710.93,3350.19,4.173466682434082
4GZG,32.77,homomeric protein,1.49,2,Homo 2-mer,2377.73,2589.1912581991096,2910.19,2448.65,5.813578605651856
4H15,113.22,homomeric protein,1.45,4,Homo 4-mer,5059.56,5676.317588816836,6517.44,5638.91,4.876558780670166
4H30,37.46,homomeric protein,1.43,2,Homo 2-mer,2448.48,2669.3227252169268,2983.59,2601.11,5.800922870635986
4HWW,68.67,homomeric protein,1.298,3,Homo 3-mer,4798.39,5372.054600816512,6085.41,5319.01,5.554424763
4HXQ,68.7,homomeric protein,1.45,3,Homo 3-mer,4829.51,5408.275756506663,6127.23,5361.94,6.125040054321289
4ICM,297.3,homomeric protein,1.825,2,Homo 2-mer,3610.59,3997.0975842423286,4556.42,4049.4,4.324298382
4IME,261.91,homomeric protein,1.75,4,Homo 4-mer,5472.71,6158.894115729797,7071.84,6162.58,4.143567562103272
4ISK,252.3,homomeric protein,1.752,2,Homo 2-mer,3144.8,3462.505750567981,4043.35,3497.16,3.892889976501465
4JH2,33.49,homomeric protein,1.27,2,Homo 2-mer,2224.21,2415.6419154244786,2784.14,2384.94,5.093487739562988
4JP2,25.84,homomeric protein,1.15,2,Homo 2-mer,3040.17,3342.8351383743616,3788.99,3329.31,4.309470176696777
4K4B,131.97,homomeric protein,1.9,2,Homo 2-mer,2052.09,2221.629668802174,2530.12,2216.04,2.575993299484253
4KEM,86.37,homomeric protein,1.3,2,Homo 2-mer,4050.92,4504.991923801178,5250.75,4688.58,3.8117074966430655
4KEZ,144.01,homomeric protein,1.85,2,Homo 2-mer,3647.93,4040.076120407812,4645.33,4196.07,6.139784336090088
4KTS,25.2,heteromeric protein,1.3,2,Hetero 2-mer,1713.55,1841.9575316529056,2105.56,1911.63,2.6210851669311523
4LUK,21.92,homomeric protein,1.41,2,Homo 2-mer,2809.34,3079.4061544625483,3508.9,2976.02,4.178622722625732
4M7X,30.8,homomeric protein,1.42,2,Homo 2-mer,3546.79,3923.704158847124,4509.12,3785.32,6.471500396728516
4NFH,82.11,homomeric protein,1.2,2,Homo 2-mer,4212.9,4692.388896945096,5323.6,4722.08,4.275245666503906
4NFL,25.25,homomeric protein,1.375,2,Homo 2-mer,2916.97,3202.133922981648,3642.42,3123.26,4.323489189147949
4NG3,299.74,homomeric protein,1.751,2,Homo 2-mer,3612.49,3999.2840718839234,4557.15,4108.18,5.9796528816223145
4NG5,82.11,homomeric protein,1.1,2,Homo 2-mer,4236.07,4719.218132658488,5356.66,4642.24,4.637008666992188
4NI8,299.88,homomeric protein,1.64,2,Homo 2-mer,3620.81,4008.859120788201,4577.86,4193.32,4.086947917938232
4O59,145.79,homomeric protein,1.52,4,Homo 4-mer,6021.61,6802.246483704155,7886.61,6606.22,5.353746414
4O63,145.12,homomeric protein,1.93,4,Homo 4-mer,6019.76,6800.0741268355005,7879.2,6788.86,4.973031044006348
4O99,162.03,homomeric protein,1.96,4,Homo 4-mer,6903.28,7840.413474652258,8957.58,7841.86,5.822733402252197
4QBO,10.44,homomeric protein,1.3,2,Homo 2-mer,1760.93,1894.9281721359675,2191.81,1796.44,4.773191928863525
4U7H,54.35,homomeric protein,1.48,2,Homo 2-mer,2964.66,3256.5712324064875,3772.44,3218.82,4.068403720855713
4U9H,90.41,heteromeric protein,0.89,2,Hetero 2-mer,3899.95,4330.598654632235,5055.39,4475.33,3.805521249771118
4URE,53.08,homomeric protein,1.4,4,Homo 4-mer,4593.47,5133.778749213372,5896.25,5293.12,4.2157368659973145
4UTU,50.78,homomeric protein,1.45,2,Homo 2-mer,3149.28,3467.633302124543,3864.39,3317.38,5.185744285583496
4WAS,123.4,homomeric protein,1.7,2,Homo 2-mer,4492.05,5016.004198276176,5713.6,4787.54,7.589055538
4WB7,101.63,heteromeric protein,1.9,2,Hetero 2-mer,3190.57,3514.9049855959083,4011.35,3324.05,5.800534248352051
4WUM,170.56,homomeric protein,1.77,2,Homo 2-mer,4083.64,4542.822684164289,5251.66,4641.65,3.556455373764038
4XLZ,197.53,homomeric protein,1.51,6,Homo 6-mer,6799.47,7717.891103147474,8975.82,7606.7,4.607493877410889
4XR4,108.37,homomeric protein,1.626,2,Homo 2-mer,4839.99,5420.475704,6278.83,5591.9,5.925159454345703
4YIK,24.81,homomeric protein,1.483,2,Homo 2-mer,2900.88,3183.775367,3623.98,3114.88,4.155453681945801
4YSL,66.09,homomeric protein,1.4618,2,Homo 2-mer,3629.41,4018.757320250944,4624.92,4207.81,7.173045635223389
4ZFZ,181.77,heteromeric protein,1.763,3,Hetero 3-mer,2892.91,3174.683151324718,3613.8,3097.25,4.703342437744141
4ZSW,211.17,homomeric protein,1.7,2,Homo 2-mer,4573.22,5110.255041963253,5891.82,5214.65,4.376657485961914
4ZUM,73.94,homomeric protein,1.42,2,Homo 2-mer,3622.95,4011.322074428196,4568.04,4267.51,3.693325757980346
5A12,138.06,homomeric protein,1.4,5,Homo 5-mer,5713.78,6441.146883439847,7440.6,6288.31,4.940005302429199
5AUR,38.9,homomeric protein,1.26,2,Homo 2-mer,1675.3,1799.2363020643925,1966.61,1617.38,6.6022467613220215
5B4T,27.91,homomeric protein,1.19,4,Homo 4-mer,4876.04,5462.450082120116,6231.32,5543.8,5.122590065002441
5CDG,82,homomeric protein,1.4,2,Homo 2-mer,4215.29,4695.156080390607,5331.5,4659.89,5.613501071929932
5CXK,202.48,homomeric protein,1.9,4,Homo 4-mer,4531.23,5061.489875661887,5851.7,5142.42,3.9291157722473145
5D6O,157.45,homomeric protein,1.8,2,Homo 2-mer,3868.85,4294.706208861281,4960.54,4519.94,3.609384298324585
5DEI,226.16,homomeric protein,1.3,4,Homo 4-mer,7754.23,8847.406496472267,10375,9023.46,4.035728931427002
5DGD,56.56,homomeric protein,1.13,4,Homo 4-mer,7749.07,8841.286606221493,10356.1,9010.71,3.8389697074890137
5ESR,34.46,homomeric protein,1.476,2,Homo 2-mer,3641.27,4032.409147094184,4681.04,3975.28,7.007622718811035
5F4X,157.25,homomeric protein,1.84,4,Homo 4-mer,6762.38,7674.133261804824,8852.86,7632.09,4.256771564483643
5F5N,64.98,homomeric protein,1.304,2,Homo 2-mer,3549.07,3926.3261032352298,4455.4,3795.65,6.175043106079102
5GN2,118.9,homomeric protein,1.952,2,Homo 2-mer,3410.89,3767.544184428323,4296.57,3684.47,5.624617576599121
5GSM,183.25,homomeric protein,1.27,2,Homo 2-mer,6789.85,7706.540764,8944.68,7713.36,4.653323650360107
5HEE,59.37,homomeric protein,1.41,2,Homo 2-mer,3248.83,3581.646152681674,4113.23,3638.1,3.973632574081421
5HH9,89.03,homomeric protein,1.47,2,Homo 2-mer,4182.95,4657.7175351794285,5404.22,4769.03,3.754988193511963
5I6K,37.02,homomeric protein,1.07,3,Homo 3-mer,4759.58,5326.895914064474,6134.45,5331.35,4.610763072967529
5IB0,112.96,homomeric protein,1.65,2,Homo 2-mer,2102.41,2278.2857916088083,2569.94,2281.42,4.093243122
5ITW,110.17,homomeric protein,1.19,4,Homo 4-mer,4849.11,5431.093302,6276.71,5650.15,4.356602668762207
5J3O,69.13,homomeric protein,1.47,2,Homo 2-mer,3608.73,3994.957171936496,4638.84,3941.54,4.888498306274414
5JP7,14.11,homomeric protein,1.26,2,Homo 2-mer,2106.22,2282.577731528835,2569.6,2160.68,6.023136615753174
5JRA,14.41,homomeric protein,1.38,2,Homo 2-mer,2112.3,2289.427446400204,2571.3,2139.33,5.059040546417236
5JSL,14.62,homomeric protein,1.25,2,Homo 2-mer,2117.4,2295.173696043057,2582.21,2171.22,5.415470123291016
5JT4,14.22,homomeric protein,1.25,2,Homo 2-mer,2077.12,2249.804585311036,2555,2155.01,5.947123527526856
5JUA,14.15,homomeric protein,1.13,2,Homo 2-mer,2112.08,2289.179581,2595.34,2159.62,5.583542346954346
5JVE,13.99,homomeric protein,1.12,2,Homo 2-mer,2071.36,2243.319671222888,2539.9,2122.94,6.587131023406982
5K1L,32.59,homomeric protein,1.08,2,Homo 2-mer,2269.21,2466.465346957064,2790.67,2232.16,5.873613834381104
5KCP,82.59,homomeric protein,1.1,2,Homo 2-mer,4224.96,4706.352806,5365.51,4629.77,5.2076263427734375
5KJ1,82.19,homomeric protein,1.2,2,Homo 2-mer,4204.56,4682.733186196759,5321.04,4657.03,5.189382076263428
5LK9,32.87,homomeric protein,1.12,2,Homo 2-mer,2269.02,2466.250674884205,2773.11,2271.68,5.741560935974121
5LNI,40.55,homomeric protein,1.133,2,Homo 2-mer,3963.89,4404.427099376191,5117.3,4606.97,4.621974945068359
5LU0,156.4,homomeric protein,1.73,6,Homo 6-mer,6229.78,7046.856016,8165.98,7360.69,4.216540336608887
5LVS,63.41,homomeric protein,1.42,2,Homo 2-mer,3549.19,3926.464102151464,4488.82,3890.5,5.523429870605469
5MAZ,48.66,homomeric protein,1.45,4,Homo 4-mer,2698.83,2953.587579732577,3372.65,3046.34,3.9933464527130127
5MH2,62.13,homomeric protein,1.3,2,Homo 2-mer,2049.94,2219.210160751278,2525.92,2280.97,4.209232330322266
5MH3,186.85,homomeric protein,1.6,2,Homo 2-mer,2061.27,2231.9615306486194,2546.58,2239.21,3.7279343605041504
5MWX,30.99,homomeric protein,1.29,2,Homo 2-mer,2076.79,2249.4330345758453,2590.36,2292.98,4.155304431915283
5N20,14.68,homomeric protein,1.38,2,Homo 2-mer,2167.68,2351.8540207491365,2623.26,2229.25,4.905008316040039
5O3Y,32.57,homomeric protein,1.3,2,Homo 2-mer,2272.9,2470.634645285161,2815.86,2363.81,5.3183112144470215
5OF5,37.7,homomeric protein,1.08,3,Homo 3-mer,4751.29,5317.251685334109,6118.77,5481.7,4.718423366546631
5OK4,38.49,homomeric protein,1.29,6,Homo 6-mer,8397.33,9611.366660021087,10915.5,9687.73,5.568249225616455
5OLL,4.42,homomeric protein,1.45,3,Homo 3-mer,1318.75,1402.9861569159832,1534.53,1346.68,3.9275755882263184
5VL0,163.38,homomeric protein,1.2,2,Homo 2-mer,4228.52,4710.475123798186,5333.5,4667.79,7.545171261
5VN1,163.55,homomeric protein,1.25,2,Homo 2-mer,4238.35,4721.858526575383,5355.81,4722.15,4.641683578491211
5VRK,72.17,homomeric protein,1.4,2,Homo 2-mer,3747.02,4154.213031544217,4752.21,4135.38,4.918018817901611
5VWO,135.66,homomeric protein,1.773,3,Homo 3-mer,5989.11,6764.087300614048,7717.99,6520.25,5.998475551605225
5VWQ,175.47,homomeric protein,1.8,2,Homo 2-mer,4275.7,4765.120313597753,5461.98,4860.71,4.462377071380615
5X2J,22.73,homomeric protein,1.4,2,Homo 2-mer,2808.57,3078.5288034481887,3506.71,3042.84,5.356304168701172
5YHM,192.49,heteromeric protein,1.91,12,Homo 12-mer,7636.6,8707.934511384805,10092.8,8494.34,6.036304950714111
5YMW,172.09,heteromeric protein,1.997,3,Hetero 3-mer,2819.51,3090.994914506517,3518.88,3020.26,4.864156723022461
5YSX,34.15,homomeric protein,1.202,2,Homo 2-mer,4258.51,4745.207605222259,5379.05,4411.29,7.900462627410889
5YX1,95.76,homomeric protein,1.39,2,Homo 2-mer,2732.23,2991.593288,3422.46,2942.24,5.282887935638428
5ZP0,138.15,homomeric protein,1.738,2,Homo 2-mer,5639.86,6354.547947484736,7303.95,6451.7,4.424654960632324
6BLM,39.16,homomeric protein,1.488,3,Homo 3-mer,2310.5,2513.133721151676,2901.99,2622.11,5.337598801
6CXX,82.07,homomeric protein,1.26,2,Homo 2-mer,4278.32,4768.155571005984,5420.9,4589.88,6.554016113
6D0A,48.23,homomeric protein,1.468094183,2,Homo 2-mer,4639.61,5187.393223566657,6014.42,5126.01,5.189997196
6E3D,55.77,heteromeric protein,1.271,2,Hetero 2-mer,3036.48,3338.617635573026,3891.9,3451.99,3.328486919403076
6E4D,55.78,heteromeric protein,1.252,2,Hetero 2-mer,3027.13,3327.931916024864,3901.9,3463.36,3.84375
6EH4,50.45,heteromeric protein,1.26,2,Hetero 2-mer,3125.81,3440.7740914720057,3932.23,3300.31,5.122851848602295
6F3M,207.32,heteromeric protein,1.6,4,Homo 4-mer,7472.05,8512.972852752915,9847.6,8569.28,5.080495834350586
6FA1,122.03,heteromeric protein,1.97,6,Homo 6-mer,5514.08,6207.297177032085,7146.11,6050.23,4.903958320617676
6FJN,20.9,homomeric protein,0.97,3,Homo 3-mer,3257.29,3591.341663713694,4131.16,3593.91,3.493823289871216
6FQZ,108.99,homomeric protein,1.9,2,Homo 2-mer,5006.18,5614.078382709647,6448.69,5422.37,5.310847282409668
6FR3,52.33,heteromeric protein,1.35,2,Hetero 2-mer,3156.46,3475.8517198139134,3948.57,3157.16,7.201051235198975
6FUR,102.13,heteromeric protein,1.73,2,Hetero 2-mer,3132,3447.8571942241388,3926.54,3290.16,4.766425609588623
6FVE,38.34,homomeric protein,1.41,3,Homo 3-mer,2257.64,2453.394244321536,2823.69,2449.84,3.374868392944336
6G50,208.69,homomeric protein,1.65,2,Homo 2-mer,4555.01,5089.104642689393,5908.4,5479.5,2.891752004623413
6GMB,41.13,homomeric protein,1.35,4,Homo 4-mer,6679.25,7576.093098624898,8694.69,7495.44,4.562809467315674
6GSB,46,homomeric protein,1.45,2,Homo 2-mer,2920.27,3205.8996904998103,3614.69,3000.7,5.7053985595703125
6H07,53.39,homomeric protein,1.482,4,Homo 4-mer,4706.54,5265.202968307593,6051,5496.64,4.390658855438232
6H5C,55.74,homomeric protein,1.14,2,Homo 2-mer,3237.62,3568.8005638919044,4063.99,3609.96,4.432342529296875
6H5G,27.86,homomeric protein,1.04,2,Homo 2-mer,3225.5,3554.9141783952805,4052.66,3658.52,4.585987567901611
6H9E,140.84,heteromeric protein,1.82,4,Hetero 4-mer,5984.18,6758.299559327162,7747.85,6677.8,4.992321491241455
6HCN,61.48,heteromeric protein,1.49,3,Homo 3-mer,3245.64,3577.9905390520867,4117.2,3579.57,3.253092050552368
6HS9,16.56,homomeric protein,1.05,3,Homo 3-mer,2979.63,3273.6663880667743,3850.47,3258.83,4.0446648597717285
6I42,19.25,heteromeric protein,1.38,2,Hetero 2-mer,1531.2,1638.6448678437596,1817.38,1566.56,3.3398308753967285
6J9O,26.09,heteromeric protein,1.397,2,Hetero 2-mer,1917.54,2070.410653867869,2327.05,2012.46,2.9795491695404053
6JQW,80.45,homomeric protein,1.437,2,Homo 2-mer,3731.36,4136.167031434606,4758.8,4293.42,4.238656520843506
6KAO,32.33,heteromeric protein,1.4,4,Hetero 4-mer,3309.69,3651.416301494684,4177.56,3598.64,5.568335533
6L5V,32.33,heteromeric protein,1.45,4,Hetero 4-mer,3313.91,3656.256016088484,4196.86,3592.92,4.413174629211426
6L8T,143.18,heteromeric protein,1.766,2,Hetero 2-mer,3119.69,3433.7716330187254,3946.67,3315.94,6.214476585388184
6LCX,129.29,heteromeric protein,1.4,4,Hetero 4-mer,3313.05,3655.269703783121,4188.14,3557.36,4.583758831
6NNR,63.19,homomeric protein,1.05,2,Homo 2-mer,3184.34,3507.77089,4120.06,3619,3.982264995574951
6O91,82.35,homomeric protein,1.1,2,Homo 2-mer,4227.82,4709.664544919039,5372.66,4637.25,4.831132888793945
6OA7,82.15,homomeric protein,1.1,2,Homo 2-mer,4229.28,4711.355186867439,5365.58,4678.77,5.309804439544678
6OIA,135.98,homomeric protein,1.777,2,Homo 2-mer,4110.13,4573.459113447314,5272.65,4812.51,3.640367031097412
6OP1,231.02,heteromeric protein,1.7,4,Hetero 4-mer,7915.37,9038.603029,10477.2,9268.8,4.642998218536377
6OWM,82.12,homomeric protein,1.1,2,Homo 2-mer,4231.07,4713.427991668798,5362.44,4617.03,5.289283275604248
6P73,105.4,homomeric protein,1.65,2,Homo 2-mer,5108.37,5733.251045693999,6554.06,5499.73,5.927113533
6PTE,180.2,heteromeric protein,1.901,3,Hetero 3-mer,2915.45,3200.399444226613,3643.9,3049.44,4.7700300216674805
6Q00,13.7,heteromeric protein,0.85,2,Hetero 2-mer,1283.21,1363.7038066048551,1530.76,1316.18,4.571248531341553
6Q9C,133.7,heteromeric protein,1.78,2,Hetero 2-mer,3398.57,3753.3995192371744,4341.63,3884.73,4.610920906066895
6R8H,165.45,homomeric protein,1.9,2,Homo 2-mer,3152.73,3471.582171012929,3989.29,3459.7,4.840531826019287
6SDP,41.57,homomeric protein,1.45,2,Homo 2-mer,4198.55,4675.775522967854,5419.6,4687.88,4.682730674743652
6SFE,55.77,homomeric protein,1.08,2,Homo 2-mer,3254.91,3588.613984308512,4098.09,3666,5.001709938049316
6SPJ,101.93,homomeric protein,1.97,2,Homo 2-mer,2277.64,2475.990721529828,2794.38,2444.12,4.396532059
6SSF,90.55,homomeric protein,1.48,2,Homo 2-mer,4118.11,4582.6897385302245,5323.74,4743.04,4.030087471008301
6T6P,104.89,homomeric protein,1.57,4,Homo 4-mer,4574.94,5112.252945,5955.24,5155.26,4.444370269775391
6T82,37.12,heteromeric protein,1.46,2,Homo 2-mer,2605.3,2847.259756666395,3202.88,2751.25,4.405494689941406
6TAW,37.01,heteromeric protein,1.41,2,Homo 2-mer,2591.71,2831.822634840201,3192.21,2725.52,4.919227600097656
6V8C,135.74,homomeric protein,1.9,2,Homo 2-mer,4115.65,4579.844132104761,5262.99,4767.55,3.3977856636047363
6VH9,116.92,homomeric protein,1.71,4,Homo 4-mer,5057.03,5673.367109970528,6572.56,5878.78,3.675894737243652
6VVN,38.28,homomeric protein,1.39,3,Homo 3-mer,2242.38,2436.158445211848,2825.44,2566.88,4.515973567962647
6WCO,34.79,homomeric protein,1.48,2,Homo 2-mer,3835.87,4256.656508354457,4817.45,4057.47,5.247803688049316
6WNP,34.35,homomeric protein,1.443,2,Homo 2-mer,3775.87,4187.466486372963,4834.84,4165.72,5.375094890594482
6XT2,163.63,homomeric protein,1.55,2,Homo 2-mer,4247,4731.876320408004,5383.88,4566.54,5.054549694061279
6YB7,34.35,homomeric protein,1.25,2,Homo 2-mer,3727,4131.143261772729,4726.83,4045.09,4.960838317871094
6YQG,37.7,heteromeric protein,1.45,6,Hetero 6-mer,6174.83,6982.255371164183,7954.51,6886.71,6.772469520568848
6YR3,124.59,homomeric protein,1.48,10,Homo 10-mer,9287.23,10672.295134066648,12225.9,10736,5.770075321
7A2B,26.67,homomeric protein,1.399,4,Homo 4-mer,4673.49,5226.775055067822,5986.66,5481.18,4.505280972
7AEH,34.5,homomeric protein,1.3,2,Homo 2-mer,3738.3,4144.164060348317,4742.05,4086.87,5.476238250732422
7AGB,150.9,heteromeric protein,1.7,2,Hetero 2-mer,2363.67,2573.278024495119,2918.81,2594.33,4.526456832885742
7AHL,233.03,homomeric protein,1.89,7,Homo 7-mer,8706.68,9979.689413963064,11447.3,9573.28,5.203313827514648
7AOL,34.58,homomeric protein,1.47,2,Homo 2-mer,3734.94,4140.292226665047,4711.52,3914.7,5.649810314178467
7AQE,34.41,homomeric protein,1.39,2,Homo 2-mer,3724.9,4128.723639005718,4774.3,4140,5.400006771087647
7AWR,34.34,homomeric protein,1.34,2,Homo 2-mer,3704.62,4105.359772973394,4761.22,4071.92,4.486039638519287
7B95,139.97,homomeric protein,1.4,2,Homo 2-mer,5466.01,6151.056446360275,7196.6,6382.13,4.062155723571777
7CAP,26.12,homomeric protein,1.33,3,Homo 3-mer,1996.35,2158.935161,2428.11,2094.19,5.411073207855225
7DY3,129.19,heteromeric protein,1.4,4,Hetero 4-mer,3318.74,3661.795608995712,4227.53,3534.4,5.582451820373535
7E31,56.16,homomeric protein,1.38,2,Homo 2-mer,3104.13,3415.970442344518,3836.7,3537.05,5.087692260742188
7EFW,224.82,heteromeric protein,1.65,12,Hetero 12-mer,8325.73,9526.192873880103,10853.9,9466.85,5.435058116912842
7FJK,210.67,homomeric protein,1.3,4,Homo 4-mer,7528.71,8580.085637155807,9952.51,8741.36,4.151881694793701
7GRS,70.03,homomeric protein,1.47,2,Homo 2-mer,3762.97,4172.596278981232,4770.15,4053.94,4.475036621
7JOD,43.7,heteromeric protein,1.33,2,Hetero 2-mer,2671.82,2922.866595181221,3356.67,2831.72,5.028635501861572
7JQ2,34.39,homomeric protein,1.4,2,Homo 2-mer,3737.72,4143.495698286971,4713.24,4094.23,5.258345127105713
7JQA,163.46,homomeric protein,1.53,2,Homo 2-mer,4242.94,4727.174226550613,5355.4,4630.83,5.086408615112305
7JR8,48.56,homomeric protein,1.13,2,Homo 2-mer,2748,3009.544291849583,3476.99,2995.23,5.219594955444336
7JY3,66.73,heteromeric protein,1.48,4,Hetero 4-mer,3328.45,3672.933103566971,4234.01,3552.23,4.428995132446289
7K35,163.32,homomeric protein,1.2,2,Homo 2-mer,4230.56,4712.837412470357,5368.66,4654.25,4.429254055023193
7K40,34.74,homomeric protein,1.35,2,Homo 2-mer,3767.54,4177.864021748287,4781.23,4117.72,5.500629901885986
7KPH,33.83,homomeric protein,1.46,2,Homo 2-mer,3736.1,4141.628915608867,4725.39,4059.05,4.927325248718262
7NB9,27.61,homomeric protein,1.09,2,Homo 2-mer,2975.42,3268.858388815846,3692.57,3219.52,4.710655689239502
7NIY,28.26,homomeric protein,1.03,2,Homo 2-mer,2914.33,3199.1214301014484,3658.22,3229.76,4.469320297241211
7NNQ,145.19,homomeric protein,1.73,4,Homo 4-mer,5789.98,6530.4632136841865,7535.94,6674.53,4.549140930175781
7PLJ,129.51,homomeric protein,1.64,2,Homo 2-mer,3537.36,3912.860596324613,4478.55,3709.09,6.947754383087158
7Q3T,243.53,homomeric protein,1.788,3,Homo 3-mer,5303.95,5961.595080241864,6886.02,5836.05,5.3063578605651855
7Q3X,132.64,homomeric protein,1.95,4,Homo 4-mer,5579.55,6283.926605118132,7380.16,6698.26,5.074501037597656
7QO8,112.67,homomeric protein,1.95,6,Homo 6-mer,5144.49,5775.39635,6539.59,6110.68,4.777492523193359
7QY9,115.36,homomeric protein,1.92,2,Homo 2-mer,5288.44,5943.474500599154,6916.4,5975.16,5.402485370635986
7QZ3,115.27,homomeric protein,1.97,2,Homo 2-mer,5290.18,5945.507265857518,6922.74,5777.32,7.871471405029297
7R65,103.08,homomeric protein,1.45,2,Homo 2-mer,2950.04,3239.879053275268,3705.23,3241.58,4.383726596832275
7R66,74.51,homomeric protein,1.44,2,Homo 2-mer,2293.21,2493.5875085227594,2895.61,2714.84,4.137270927429199
7TCS,208.28,homomeric protein,1.37,4,Homo 4-mer,7471.26,8512.037253,9953.78,8830.63,4.226873874664307
7TDL,208.06,homomeric protein,1.6,4,Homo 4-mer,7468.39,8508.638335853018,9941.75,8783.65,5.023149967193604
7UA6,81.97,homomeric protein,1.1,2,Homo 2-mer,4218.6,4698.988558119418,5338.05,4714.88,4.852127552032471
7UC9,81.97,homomeric protein,1.1,2,Homo 2-mer,4217.77,4698.027532906511,5345.3,4577.48,5.758759498596191
7UDD,81.97,homomeric protein,1.1,2,Homo 2-mer,4233.46,4716.195645366922,5368.02,4689.55,4.620825290679932
7UEC,82.16,homomeric protein,1.2,2,Homo 2-mer,4213.58,4693.176206428015,5345.33,4663.77,4.986093044281006
7UHV,82.19,homomeric protein,1.3,2,Homo 2-mer,4202.76,4680.649319042183,5331.84,4681.18,5.199936866760254
7V1Q,208.72,homomeric protein,1.58,4,Homo 4-mer,4467.08,4987.0236612241615,5761.46,5065.58,4.005478858947754
7WIR,140.63,homomeric protein,1.5,2,Homo 2-mer,5584.92,6290.213508772571,7272.9,6414.72,4.128521919250488
7WKL,157.16,homomeric protein,1.88,4,Homo 4-mer,6013.49,6792.711794582656,7780.9,7125.99,3.626388072967529
7Y4G,247.22,homomeric protein,1.97,2,Homo 2-mer,6992.76,7946.0812300493935,8954.99,7730.03,5.804935932159424
7YNH,138.24,homomeric protein,1.94,2,Homo 2-mer,5602.15,6310.387065641863,7292.93,6402.57,4.397350311279297
8AVL,174.14,homomeric protein,1.6,2,Homo 2-mer,2738.59,2998.8323903348723,3464.33,3005.3,5.0039567947387695
8BGX,149.35,homomeric protein,1.9,2,Homo 2-mer,4000.27,4446.454384659586,5093.7,4357.59,5.443968296051025
8BH0,297.89,homomeric protein,1.7,2,Homo 2-mer,3998.67,4444.605697496165,5076.9,4498.5,6.159329891204834
8BJ2,82.06,homomeric protein,1.4,2,Homo 2-mer,3978.06,4420.794911887041,5124.12,4515.59,4.945595741271973
8G17,143.87,homomeric protein,1.98,4,Homo 4-mer,6209.79,7023.352638945637,8135.09,6961.23,5.128869057
8G39,81.65,homomeric protein,1.42,2,Homo 2-mer,4227.81,4709.652965259166,5351.72,4704.08,4.637537479400635
8G4V,81.79,homomeric protein,1.2,2,Homo 2-mer,4245.7,4730.370704522786,5393.72,4693.12,6.099308013916016
8GEK,192.23,homomeric protein,1.93,4,Homo 4-mer,5319.73,5980.033253020515,6922.86,6056.46,4.679933071136475
8HVL,67.26,homomeric protein,1.45,2,Homo 2-mer,3805.55,4221.687099258984,4830.94,3996.23,6.589816570281982
8JNW,96.14,homomeric protein,1.44,2,Homo 2-mer,4830.99,5409.998586557696,6199.8,5288.63,5.0933332443237305
8OW6,80.37,heteromeric protein,1.2,2,Homo 2-mer,2305.41,2507.3789131654185,2888.12,2357.29,7.384928226470947
8OXF,210.5,homomeric protein,1.77,4,Homo 4-mer,4777.85,5348.152785390054,6160.67,5365.99,4.367495536804199
8PJ0,177.74,homomeric protein,1.7,2,Homo 2-mer,3906.19,4337.801590361405,5017.99,4467.54,3.5610337257385254
8PYW,106.63,homomeric protein,1.553,6,Homo 6-mer,4773.51,5343.102969214412,6167.19,5216.38,4.639962196350098
8XAM,85.47,homomeric protein,1.3,2,Homo 2-mer,3867,4292.571485845327,4901.89,4482.44,3.403136968612671
8XDO,55.8,homomeric protein,1.37,2,Homo 2-mer,3128.11,3443.405874401746,3920.03,3460.65,4.504663944244385
8XF2,224.9,heteromeric protein,1.98,12,Hetero 12-mer,8332.24,9533.935834986549,10843.4,9315.92,5.525883197784424
9ART,68.61,homomeric protein,1.49,2,Homo 2-mer,3764.45,4174.302216167405,4771.29,4155.59,4.912831306